scheme1_task_id,scheme1_success,scheme1_ipopt_cpu_time,scheme1_collision_percent,,scheme2_task_id,scheme2_success,scheme2_ipopt_cpu_time,scheme2_collision_percent,,scheme3_task_id,scheme3_success,scheme3_ipopt_cpu_time,scheme3_collision_percent,,scheme4_task_id,scheme4_success,scheme4_ipopt_cpu_time,scheme4_collision_percent
2,1,3.522000,0.00,,2,1,5.053000,0.00,,2,1,3.012000,0.00,,2,1,0.386000,3.98
4,1,5.010000,0.00,,4,1,2.141000,0.00,,4,1,4.579000,0.00,,4,1,0.419000,3.21
5,1,0.940000,0.00,,5,1,0.903000,0.00,,5,1,1.092000,0.00,,5,1,0.341000,1.23
6,1,0.657000,0.00,,6,1,1.126000,0.00,,6,1,1.108000,0.00,,6,1,0.067000,2.04
8,1,9.897000,0.00,,8,1,9.225000,0.00,,8,0,30.005000,NaN,,8,0,0.613000,NaN
9,1,11.280000,0.00,,9,0,30.010000,NaN,,9,1,26.402000,0.00,,9,0,1.904000,NaN
11,1,9.387000,0.00,,11,1,8.230000,0.00,,11,1,4.028000,0.00,,11,1,0.414000,2.30
18,1,10.635000,0.00,,18,0,30.001000,NaN,,18,1,6.269000,0.00,,18,1,0.832000,3.30
19,1,7.470000,0.00,,19,1,4.182000,0.00,,19,1,4.512000,0.00,,19,0,0.351000,NaN
21,1,0.468000,0.00,,21,1,0.428000,0.00,,21,1,0.393000,0.00,,21,1,0.072000,2.80
22,1,3.089000,0.00,,22,1,10.686000,0.00,,22,1,3.944000,0.00,,22,1,0.394000,2.10
23,1,5.038000,0.00,,23,0,12.202000,NaN,,23,0,40.120000,NaN,,23,0,12.561000,NaN
24,1,2.609000,0.00,,24,1,5.732000,0.00,,24,1,1.683000,0.00,,24,1,0.353000,4.10
25,1,0.668000,0.00,,25,1,0.946000,0.00,,25,1,0.482000,0.00,,25,1,0.357000,0.91
26,1,10.179000,0.00,,26,1,9.901000,0.00,,26,1,14.516000,0.00,,26,0,0.557000,NaN
