task_id,Scheme1_Full_GeoTime_LSENLP,,,Scheme2_NoGeo_Time_LSENLP,,,Scheme3_GeoTime_MaxNLP,,,Scheme4_EqualTime_BodyOnlyNLP,,
,success,ipopt_cpu_sec,collision_percent,success,ipopt_cpu_sec,collision_percent,success,ipopt_cpu_sec,collision_percent,success,ipopt_cpu_sec,collision_percent
1,1,1.364,0,1,1.107,0,1,0.339,0,1,0.372,0.58 
2,1,1.794,0,0,NaN,NaN,1,1.597,0,1,0.858,0.12 
3,1,0.472,0,1,0.461,0,1,0.132,0,1,0.173,2.23 
4,1,0.679,0,1,0.85,0,1,0.741,0,1,0.314,1.15 
5,1,0.219,0,1,0.224,0,1,0.268,0,1,0.107,2.71 
6,1,0.925,0,1,0.631,0,1,0.898,0,1,0.675,0.10 
7,1,0.271,0,1,0.351,0,1,0.151,0,1,0.174,0.00 
8,1,0.649,0,1,1.355,0,1,0.41,0,1,0.185,0.00 
9,1,1.139,0,1,1.147,0,1,0.907,0,1,0.325,1.45 
10,1,0.316,0,1,0.397,0,1,0.3,0,1,0.281,0.51 
11,1,0.313,0,1,0.301,0,1,0.288,0,1,0.267,0.57 
12,1,0.238,0,1,0.239,0,1,0.235,0,1,0.138,2.11 
13,1,0.617,0,1,0.526,0,1,0.834,0,1,0.165,2.37 
14,1,0.143,0,1,0.127,0,1,0.185,0,1,0.046,1.94 
15,1,0.693,0,1,1.254,0,1,0.967,0,1,1.133,0.00 
16,1,0.202,0,1,0.197,0,1,0.27,0,1,0.16,0.82 
17,1,1.293,0,1,1.314,0,1,0.929,0,1,0.565,0.87 
18,1,0.38,0,1,0.415,0,1,0.345,0,1,0.17,0.53 
19,1,1.18,0,1,1.194,0,1,1.168,0,1,0.279,0.46 
20,1,0.668,0,1,0.742,0,1,0.845,0,1,0.274,0.00 
,,,,,,,,,,,,
