t,x,y,theta,v,phi,a,omega,s,kappa
0.0,0.27075375,2.083334375,0.27099120168491014,0.0,-0.10610905787287428,0.1,-0.008019929625832032,0.0,-0.7448188220355662
0.999647510155669,0.31914147302043155,2.0957884998489456,0.23237164697662696,0.0999647510155669,-0.11412616055496096,0.09999999999999998,-0.020404864602177275,0.04996475722802142,-0.8015681474854918
1.4028088837548198,0.3664810691299942,2.106002174703528,0.19214950482366744,0.14028088837548197,-0.12235261379607944,0.10000000000000002,-0.027545634819267324,0.09839363821707217,-0.8599079596380915
1.7051926572543707,0.41278229541738826,2.11402089873686,0.15035682918657942,0.17051926572543707,-0.1306819667961701,0.09999999999999996,-0.03328170791408325,0.1453840999177111,-0.919097923780144
1.9546650320558143,0.4580550678725083,2.1198903960454136,0.10704957702836831,0.19546650320558143,-0.13898483350694446,0.10000000000000005,-0.03773268330263127,0.19103576937708788,-0.9782287837079667
2.1700228398198504,0.5023093024852491,2.1236563907256656,0.0623099226792405,0.21700228398198504,-0.14711086146405378,0.10000000000000006,-0.040736304404046,0.2354499562669904,-1.0362333414198164
2.3610560918018706,0.545554915245505,2.1253646068740886,0.016247830377951043,0.23610560918018708,-0.15489285016808818,0.07993445129551909,-0.04176838490954705,0.2787292934317362,-1.0919131017592552
2.5348783998883437,0.587801822143171,2.125060768587157,-0.030998390599790673,0.25,-0.16215312723810987,0.0,-0.03968282485844374,0.32097729291247684,-1.1439820551949849
2.700160504716946,0.6290599391681418,2.1227905999613443,-0.07926279127949772,0.25,-0.16871198805625823,0.0,-0.03509958731635856,0.3622978191196274,-1.1911269227346348
2.8621471719264244,0.6693391823103121,2.1185998250931273,-0.1283539176660068,0.25,-0.17439765322606324,0.0,-0.029284432707092436,0.402794485921997,-1.232080463583675
3.0212491880741443,0.7086494675595764,2.112534168078977,-0.17805842891810697,0.25,-0.17905686551150388,0.0,-0.022398879396966144,0.442569989958927,-1.2657016190864303
3.1778708198415146,0.7470007109058299,2.10463935301537,-0.22814610832629412,0.25,-0.18256501455241725,0.0,-0.01468653766636102,0.4817253979007696,-1.2910539997054944
3.3324068683226007,0.7844028283389664,2.0949611039987786,-0.27837602107675324,0.25,-0.1848346140492453,0.0,-0.006454661480521405,0.5203594100210411,-1.3074732040626575
3.4852397308133054,0.8208657358488811,2.083545145125678,-0.32850343285259614,0.25,-0.1858210984397219,0.0,0.0019528978306969484,0.5585676256437173,-1.3146141682562729
3.6367365773186036,0.8563993494254688,2.070437200492542,-0.378287005085851,0.25,-0.18552524057682426,0.0,0.010187254598047774,0.5964418372700419,-1.3124722346568658
3.7872467450502527,0.8910135850586238,2.055682994195845,-0.42749574595730305,0.25,-0.18399195517854708,0.0,0.017925645280623143,0.6340693792029541,-1.3013754504917043
3.93709944155688,0.9247183587382416,2.039328250332062,-0.47591522871035435,0.25,-0.1813057488966244,0.0,0.024897550743291252,0.6715325533296109,-1.2819499052653187
4.086601827325722,0.957523586454216,2.021418692997665,-0.5233526837154437,0.25,-0.17758350566070155,0.0,0.03090244682974055,0.7089081497718215,-1.2550637062357795
4.236037524224926,0.9894391841964418,2.002000046289131,-0.5696407087865827,0.25,-0.17296557698280865,0.0,0.035817705417048096,0.7462670739966227,-1.2217576708490219
4.385665570005386,1.0204750679548145,1.9811180343029322,-0.6146394974104968,0.25,-0.16760624371691554,0.0,0.03959706316796179,0.7836740854417378,-1.1831715998554426
4.535719814156322,1.050641153719228,1.9588183811355433,-0.6582376307181171,0.25,-0.16166453633265018,0.0,0.042261549445454384,0.8211876464794717,-1.1404741791239377
4.6864087290528555,1.0799473574795766,1.9351468108834382,-0.7003515960381621,0.25,-0.15529618930486846,0.0,0.04388556641043167,0.8588598752036051,-1.0948026046897972
4.837915594042532,1.108403595225756,1.9101490476430918,-0.7409242717110707,0.25,-0.14864722471972772,0.0,0.04458092466464979,0.8967365914510241,-1.0472155585734577
4.990398999475688,1.1360197829476604,1.8838708155109771,-0.7799226528666712,0.25,-0.14184937350950294,0.0,0.044481216676561505,0.9348574428093132,-0.9986607623097226
5.1439936124832535,1.1628058366351846,1.8563578385835695,-0.8173350917136549,0.25,-0.1350172982479608,0.0,0.04372819927565676,0.9732560960612046,-0.9499564025408557
5.298811145773366,1.1887716722782233,1.8276558409573433,-0.8531682983014346,0.25,-0.12824740630088513,-0.03065011853074861,0.04205073447656757,1.0119604793837327,-0.9017844409707567
5.456465076576087,1.213927205866671,1.7978105467287713,-0.8874443044988791,0.24516788833405817,-0.12161794271751276,-0.09999999999999996,0.04777304666638609,1.0509930613853062,-0.8546931855739579
5.6227189061848755,1.2382823849143865,1.7668677169161964,-0.9201698885988422,0.22854250537317933,-0.11367549075714671,0.0,0.1,1.0903711449249638,-0.7983753679981263
5.7965547082853455,1.2618676877679122,1.73489715890143,-0.9494186489821366,0.22854250537317933,-0.09629191054709973,0.09504750019509503,0.0967109921872901,1.1301000146605613,-0.6754589435999532
5.9658606102219816,1.2847694819716355,1.7020341392703011,-0.9741371071726308,0.2446346081205325,-0.0799181687876436,0.03289244300841793,0.09473052356686398,1.1701558536484749,-0.5600611753384978
6.128979898080726,1.307083556027687,1.6684249587336353,-0.9945169819720301,0.25,-0.06446579324493067,0.0,0.09039003825235364,1.2104980761619302,-0.45143528034018005
6.291286490289203,1.3289056984381973,1.634215918002259,-1.0107276444658537,0.25,-0.04979489416659729,0.0,0.08627138658500239,1.2510747242140494,-0.34850413307184736
6.454286823946617,1.3503316977052966,1.5995533177869978,-1.0229081565665803,0.25,-0.03573262936815415,0.0,0.0835092685565203,1.291824807628403,-0.24998493142782233
6.617709412276103,1.3714573423311178,1.5645834587986807,-1.0311619928214564,0.25,-0.022085328551145502,0.0,0.08217208464296973,1.3326804547107742,-0.154467972339893
6.781263236159723,1.3923784208177898,1.5294526417481316,-1.0355535632547874,0.25,-0.008645769891299292,0.0,0.08231426262808099,1.3735689106816793,-0.06046143580137291
6.9446453031117565,1.413190721667444,1.4943071673461774,-1.0361058930638878,0.25,0.00480290447650913,0.0,0.08399101678650826,1.4144144274196877,0.03358700285181497
7.1075479602826235,1.4339900333822118,1.4592933363036453,-1.032799039966852,0.25,0.018485264289514206,0.0,0.08726412672656438,1.4551400917124044,0.1292823082498188
7.269666159482728,1.4548721444642239,1.424557449331361,-1.0255690397857467,0.25,0.03263236736919454,-0.01438003513267724,0.091769538205008,1.4956696415124306,0.22827940836852958
7.431457717524347,1.4759328434156105,1.390245807140151,-1.0143073767963182,0.24767343171119094,0.047479903936142605,-0.09999999999999998,0.09463066815764419,1.535929321468667,0.33227702639177764
7.598256387072711,1.4972679187385032,1.356504710440841,-0.9988611960227725,0.23099356475635455,0.06326417348331038,-0.10000000000000007,0.09525898376037442,1.575849830552416,0.44299797715011263
7.7761903946896656,1.5189731589350328,1.3234804599442591,-0.9790347315219081,0.2132001639946591,0.08021398622531217,-0.09893789644419301,0.09555075528114235,1.615368415709909,0.5621431469071949
7.9679429460991,1.5411443525073298,1.29131935636123,-0.9545927376233111,0.19422856992040263,0.09853608733956976,-0.0820365844483753,0.09561455376377459,1.6544311653327735,0.6913023653589253
8.175601262605657,1.5638772879575251,1.2601677004025809,-0.925267088911236,0.17719299090190513,0.11839124460768075,-0.06402615583825215,0.09595827818819373,1.6929955533500722,0.8318007458572942
8.399311328234663,1.58726775378775,1.230171792779138,-0.8907681431989922,0.16286969537735674,0.13985807731880803,0.0,0.1,1.731033276282827,0.9844556417585401
8.629557546744069,1.6114115385001349,1.2014779342017274,-0.8508028691473696,0.16286969537735674,0.16288269916974862,0.09999999999999995,0.08171935543344615,1.7685334077532424,1.1492211175827318
8.842628344286103,1.636403840835385,1.1742315052088461,-0.8053837005295627,0.18417677513156022,0.18029470740657402,0.09999999999999996,0.007135699027009558,1.8055061418809841,1.2746434363914665
9.031141094585893,1.6622971088354583,1.1485111847740352,-0.7586518202713615,0.20302805016153921,0.18163987765546713,0.10000000000000002,-0.00028307648839623085,1.84200266515366,1.2843651401583118
9.201818526859856,1.6890729045216886,1.1242850523099448,-0.7122467500121701,0.22009579338893567,0.18159156288729053,0.10000000000000007,-0.009033289008410805,1.878111510729203,1.2840158806823352
9.358908423774874,1.7167061179850802,1.101510777383137,-0.6664182388120234,0.23580478308043754,0.1801725244481557,0.09687915988653223,-0.01856553432183356,1.9139201980097387,1.2737606424639902
9.50543340330802,1.7451716393166397,1.0801460295601737,-0.6214021968394163,0.25,0.17745220991162713,0.0,-0.027587143700850678,1.9495114659587214,1.254116001914024
9.647238573694612,1.7744443586073733,1.0601484784076185,-0.5774146549855462,0.25,0.1735402102986486,0.0,-0.03506636365278931,1.9849627585553693,1.2258991601988403
9.788770795114676,1.804499165948286,1.0414757934920325,-0.534647084813834,0.25,0.16857718995374552,0.0,-0.04135550855357379,2.0203458139103856,1.1901569522757542
9.930293000339683,1.8353109514303845,1.0240856443799786,-0.49326327335735554,0.25,0.1627244671850421,0.0,-0.04635635012461658,2.0557263652166373,1.1480847458313572
10.072043359634632,1.8668546051446737,1.0079357006380192,-0.4533977790181454,0.25,0.15615343789927524,0.0,-0.050056209829322115,2.0911639550403747,1.1009451073313803
10.214234973347743,1.8991050171821602,0.9929836318327162,-0.4151558488661515,0.25,0.14903586464728183,0.0,-0.05251399554619962,2.1267118584686524,1.04999442963561
10.357055962752616,1.9320370776338494,0.9791871075306326,-0.3786145715801855,0.25,0.14153576384577046,0.0,-0.05384208111938071,2.1624171058198707,0.996423061739784
10.500669908500859,1.9656256765907478,0.9665037972983304,-0.343824980835196,0.25,0.13380329012891928,0.0,-0.054187235783686886,2.1983205922569313,0.9413115942174931
10.645216578455294,1.9998457041438598,0.954891370702372,-0.31081480823727986,0.25,0.12597070564235158,0.0,-0.05371308692749951,2.23445725974554,0.8856034230130897
10.790812884367316,2.0346720503841924,0.9443074973093198,-0.27959160368334784,0.25,0.11815027860657634,0.0,-0.052585665056163064,2.2708563362235457,0.8300918765468586
10.937554008794498,2.070079605402751,0.934709846685736,-0.250145982335607,0.25,0.11043379898748376,0.0,-0.050962687838828055,2.307541617330341,0.7754191345248862
11.085514648612538,2.106043259290542,0.9260560883981832,-0.22245480967167197,0.25,0.10289332708800374,0.0,-0.04898654508286723,2.344531777284851,0.7220837988051394
11.234750328281773,2.142537902138571,0.9183038920132234,-0.19648418996541178,0.25,0.0955827867379144,0.0,-0.046780502612891406,2.38184069720216,0.6704541124413426
11.385298743678232,2.1795384240378435,0.9114109270974196,-0.17219217271733378,0.25,0.08854005619809367,0.0,-0.04444743163250128,2.4194778010512747,0.620784260525503
11.537181105019586,2.2170197150793647,0.9053348632173333,-0.14953113249563202,0.25,0.08178927532619097,0.0,-0.042070334451015025,2.457448391386613,0.57323175322119
11.690403454675272,2.2549566653541424,0.9000333699395275,-0.1284498091595504,0.25,0.0753431598308059,0.0,-0.039714011662536276,2.4957539788005345,0.5278744643849033
11.844957942126445,2.29332416495318,0.8954641168305643,-0.10889501785488517,0.25,0.06920518111367269,0.0,-0.03742734299296581,2.534392600663328,0.4847264052893331
12.000824043883922,2.3320971039674854,0.8915847734570062,-0.09081305271556009,0.25,0.0633715270622191,0.0,-0.03524579329317681,2.573359126102697,0.4437517193081585
12.157969720750142,2.3712503724880634,0.8883530093854154,-0.07415081645522997,0.25,0.057832803018475945,0.0,-0.033193882165265455,2.612645545319252,0.40487668460153303
12.316352508475111,2.4107588606059207,0.8857264941823543,-0.058856711587237896,0.25,0.052575463425727074,0.0,-0.03128745911900262,2.6522412422504944,0.367999718304868
12.475920540701127,2.450597458412061,0.8836628974143851,-0.04488132929264661,0.25,0.04758298514075592,0.0,-0.029535703356437976,2.6921332503069983,0.33299950499956793
12.636613505234315,2.490741055997493,0.8821198886480706,-0.03217797012706884,0.25,0.04283680540883704,0.0,-0.027942820586791886,2.7323064914402955,0.2997414432545382
12.79836353624252,2.5311645434532206,0.8810551374499729,-0.020703027706630912,0.25,0.038317053312466744,0.0,-0.026509443144262797,2.772743999192347,0.2680826339440096
12.961096046074033,2.57184281087025,0.8804263133866539,-0.010416262882266854,0.25,0.03400310509536509,0.0,-0.025233759002009085,2.813427126650225,0.23787563693830466
13.124730501120986,2.6127507483395878,0.8801910860246768,-0.0012809921347692274,0.25,0.02987399269228518,0.0,-0.024112404438326244,2.854335740411963,0.20897120933600188
13.289181146603593,2.653863245952238,0.8803071249306034,0.006735789723961414,0.25,0.025908692218264775,0.0,-0.02314115765188867,2.8954484017826148,0.18122021632424018
13.454357685399,2.6951551937992084,0.8807320996709961,0.01366333581719095,0.25,0.022086315893606972,0.0,-0.02231546917347456,2.9367425364814665,0.154474880201624
13.620165916140563,2.736601481971504,0.8814236798124174,0.019527108706563108,0.25,0.018386227431785262,0.0,-0.02163086131765413,2.9781945941668573,0.12858950737036925
13.786508335817272,2.77817700056013,0.8823395349214296,0.0243487660132611,0.25,0.014788097620515342,0.0,-0.021083224362609256,3.0197801990860347,0.1034208091409332
13.953284712044907,2.819856639656094,0.8834373345645951,0.028146161279791214,0.25,0.011271913862125194,0.0,-0.020669032373460093,3.0614742931429433,0.07882791101148669
14.120392630089041,2.8616152893504,0.8846747483084761,0.03093335310151659,0.25,0.007817954894209469,0.0,-0.020385496999193703,3.103251272653977,0.05467212711185935
14.287728019616305,2.9034278397340554,0.8860094457196352,0.03272061717398435,0.25,0.004406739813142526,0.0,-0.020230673360139083,3.1450851200357928,0.030816561809185506
14.455185666049932,2.9452691808980638,0.8873990963646344,0.033514457280017694,0.25,0.0010189588664861705,0.0,-0.02020352834535956,3.1869495316441996,0.007125588945036552
14.622659711320539,2.9871142029334345,0.8888013698100368,0.03331761243134967,0.25,-0.0023646077542505807,0.0,-0.020303978214257504,3.2288180429618514,-0.01653574938036777
14.790044148740483,3.0289377959311694,0.8901739356224035,0.03212905843464269,0.25,-0.0057631777250308795,0.0,-0.020532899250170118,3.2706641523168374,-0.040302388338168314
14.957233316696161,3.0707148499822767,0.891474463368298,0.029944003121361605,0.25,-0.009196056066384576,0.0,-0.02089211222404745,3.312461444305757,-0.06430989723181131
15.124122395848824,3.112420255177762,0.8926606226142821,0.026753875414498463,0.25,-0.012682721437009922,0.0,-0.02138433845762498,3.3541837140939226,-0.08869511532887303
15.290607914562942,3.1540289016086307,0.8936900829269184,0.022546309351575734,0.25,-0.016242904117485888,0.0,-0.022013122188580626,3.395805093772452,-0.1135967324045819
15.456588267339336,3.1955156793658896,0.8945205138727692,0.01730512519207593,0.25,-0.019896649904056377,0.0,-0.022782710600312034,3.4373001819665507,-0.13915577524310616
15.621964251115228,3.2368554785405426,0.8951095850183968,0.011010310858999303,0.25,-0.02366436308266441,0.0,-0.023697879168325123,3.4786441779105237,-0.16551595410185718
15.786639624399038,3.278023189223598,0.8954149659303634,0.003638008250761764,0.25,-0.027566820180742975,0.0,-0.024763685810214334,3.519813021231476,-0.192823812946356
15.950521694324303,3.3189937015060593,0.8953943261752315,-0.004839489535251476,0.25,-0.03162514427029979,0.0,-0.02598513268630532,3.5607835387127924,-0.22122861386948736
16.113521936822316,3.3597419054789324,0.8950053353195635,-0.014453722248378844,0.25,-0.03586072719951056,-0.09162210346977868,-0.026528463651170404,3.601533599337295,-0.2508818693068289
16.28067662473162,3.4002426912332253,0.8942056629299218,-0.025240017877938458,0.23468493588891534,-0.04029508426183522,-0.10000000000000003,-0.026109836237238497,3.642042278933721,-0.2819364153516467
16.458944240468107,3.440470948859942,0.8929529785728685,-0.03723740699945669,0.21685817431526658,-0.044949622515117874,-0.09999999999999992,-0.025381060399857835,3.6822900357628896,-0.3145448958128476
16.651831289463942,3.4804015684500897,0.8912049518149663,-0.05048848080468507,0.197569469415683,-0.04984530035603152,-0.10000000000000005,-0.024301217504209677,3.7222588983736697,-0.34885750025394324
16.864036785600806,3.5200094400946735,0.8889192522227775,-0.06503917426453888,0.1763489198019966,-0.05500215227324218,-0.10000000000000006,-0.022701283949630852,3.761932667022987,-0.385018771450752
17.103516503833653,3.5592694538846965,0.8860535493628636,-0.08093845222316193,0.15240094797871187,-0.06043864935702363,-0.09999999999999995,-0.020302479707882952,3.801297129875592,-0.4231632709972436
17.385857110383075,3.5981564999111693,0.8825655128017883,-0.09823787230634003,0.12416688732376983,-0.0661708637922046,-0.10000000000000002,-0.016522217847892023,3.8403402950612735,-0.46340987030760744
17.751458233382962,3.636645468265098,0.8784128121061138,-0.11699099455334731,0.08760677502378106,-0.07221140519184271,-0.10000000000000002,-0.007255939325620921,3.8790526394493052,-0.5058544244049721
18.62752598362077,3.6747112499999997,0.873553125,-0.1372526039931506,0.0,-0.07856809963270149,0.0,0.0,3.917427374599642,-0.5505605969683711
