task_id,success,ipopt_cpu_sec,collision_percent
1,1,0.372,0.578751550227367
2,1,0.858,0.118343195266272
3,1,0.173,2.22902097902098
4,1,0.314,1.15440115440115
5,1,0.107,2.70802560315116
6,1,0.675,0.0963391136801541
7,1,0.174,0
8,1,0.185,0
9,1,0.325,1.44609991235758
10,1,0.281,0.514444004748714
11,1,0.267,0.570206699928724
12,1,0.138,2.10832424572883
13,1,0.165,2.3728813559322
14,1,0.046,1.94120909595119
15,1,1.133,0
16,1,0.16,0.822867042009528
17,1,0.565,0.866188769414576
18,1,0.17,0.532544378698225
19,1,0.279,0.461361014994233
20,1,0.274,0
